RMSE,Precision,Recall
0.9834061608473806,0.6666666666666666,0.5
